#x,y,z
6371029.5,111206.7,3.9e-10
4224364.97413258511738119592,-777601.98415016457041343331,-1563367.10966027767446971000
4316781.62200247321883342073,-794613.62239453483010307307,-1597568.97160865390887071000
4409198.26987236132028564554,-811625.26063890508979271283,-1631770.83355703014327171000
4501614.91774224942173787034,-828636.89888327534948235259,-1665972.69550540637767271000
4594031.56561213752319009515,-845648.53712764560917199234,-1700174.55745378261207371000
4686448.21348202562464231996,-862660.17537201586886163210,-1734376.41940215884647471000
4778864.86135191372609454476,-879671.81361638612855127186,-1768578.28135053508087571000
4871281.50922180182754676957,-896683.45186075638824091162,-1802780.14329891131527671000
4963698.15709168992899899438,-913695.09010512664793055138,-1836982.00524728754967771000
5056114.80496157803045121919,-930706.72834949690762019113,-1871183.86719566378407871000
5148531.45283146613190344399,-947718.36659386716730983089,-1905385.72914404001847971000
5240948.10070135423335566880,-964730.00483823742699947065,-1939587.59109241625288071000
5333364.74857124233480789361,-981741.64308260768668911041,-1973789.45304079248728171000
5425781.39644113043626011841,-998753.28132697794637875016,-2007991.31498916872168271000
5518198.04431101853771234322,-1015764.91957134820606838992,-2042193.17693754495608371000
5610614.69218090663916456803,-1032776.55781571846575802968,-2076395.03888592119048471000
5703031.34005079474061679283,-1049788.19606008872544766944,-2110596.90083429742488571000
5795447.98792068284206901764,-1066799.83430445898513730919,-2144798.76278267365928671000
5887864.63579057094352124245,-1083811.47254882924482694895,-2179000.62473104989368771000
4282408.59403523895999721600,-711251.45000213372213771989,-1431481.40351280504754013000
4376095.06513642554848982628,-726811.53422882664977144817,-1462797.99514511318684313000
4469781.53623761213698243656,-742371.61845551957740517646,-1494114.58677742132614613000
4563468.00733879872547504684,-757931.70268221250503890474,-1525431.17840972946544913000
4657154.47843998531396765713,-773491.78690890543267263303,-1556747.77004203760475213000
4750840.94954117190246026741,-789051.87113559836030636131,-1588064.36167434574405513000
4844527.42064235849095287769,-804611.95536229128794008960,-1619380.95330665388335813000
4938213.89174354507944548797,-820172.03958898421557381788,-1650697.54493896202266113000
5031900.36284473166793809825,-835732.12381567714320754616,-1682014.13657127016196413000
5125586.83394591825643070854,-851292.20804237007084127445,-1713330.72820357830126713000
5219273.30504710484492331882,-866852.29226906299847500273,-1744647.31983588644057013000
5312959.77614829143341592910,-882412.37649575592610873102,-1775963.91146819457987313000
5406646.24724947802190853938,-897972.46072244885374245930,-1807280.50310050271917613000
5500332.71835066461040114967,-913532.54494914178137618759,-1838597.09473281085847913000
5594019.18945185119889375995,-929092.62917583470900991587,-1869913.68636511899778213000
5687705.66055303778738637023,-944652.71340252763664364416,-1901230.27799742713708513000
5781392.13165422437587898051,-960212.79762922056427737244,-1932546.86962973527638813000
5875078.60275541096437159079,-975772.88185591349191110073,-1963863.46126204341569113000
5968765.07385659755286420108,-991332.96608260641954482901,-1995180.05289435155499413000
4335404.62849202230386941938,-642515.99735018001999997012,-1298260.72127252372256266000
4430250.49654041482856575321,-656572.35257551758333403204,-1326662.83724873294860866000
4525096.36458880735326208704,-670628.70780085514666809395,-1355064.95322494217465466000
4619942.23263719987795842087,-684685.06302619271000215587,-1383467.06920115140070066000
4714788.10068559240265475470,-698741.41825153027333621778,-1411869.18517736062674666000
4809633.96873398492735108853,-712797.77347686783667027970,-1440271.30115356985279266000
4904479.83678237745204742236,-726854.12870220540000434161,-1468673.41712977907883866000
4999325.70483076997674375619,-740910.48392754296333840353,-1497075.53310598830488466000
5094171.57287916250144009002,-754966.83915288052667246544,-1525477.64908219753093066000
5189017.44092755502613642385,-769023.19437821809000652735,-1553879.76505840675697666000
5283863.30897594755083275768,-783079.54960355565334058927,-1582281.88103461598302266000
5378709.17702434007552909151,-797135.90482889321667465118,-1610683.99701082520906866000
5473555.04507273260022542534,-811192.26005423078000871310,-1639086.11298703443511466000
5568400.91312112512492175917,-825248.61527956834334277501,-1667488.22896324366116066000
5663246.78116951764961809300,-839304.97050490590667683693,-1695890.34493945288720666000
5758092.64921791017431442683,-853361.32573024347001089884,-1724292.46091566211325266000
5852938.51726630269901076066,-867417.68095558103334496076,-1752694.57689187133929866000
5947784.38531469522370709450,-881474.03618091859667902267,-1781096.69286808056534466000
6042630.25336308774840342833,-895530.39140625616001308459,-1809498.80884428979139066000
4383240.39819600854315190995,-571616.97541396325040370714,-1163829.30236400604178724000
4479132.77181657315796599681,-584122.26912242886515767142,-1189290.45533630982743124000
4575025.14543713777278008366,-596627.56283089447991163569,-1214751.60830861361307524000
4670917.51905770238759417051,-609132.85653936009466559997,-1240212.76128091739871924000
4766809.89267826700240825736,-621638.15024782570941956425,-1265673.91425322118436324000
4862702.26629883161722234421,-634143.44395629132417352853,-1291135.06722552497000724000
4958594.63991939623203643106,-646648.73766475693892749281,-1316596.22019782875565124000
5054487.01353996084685051791,-659154.03137322255368145708,-1342057.37317013254129524000
5150379.38716052546166460476,-671659.32508168816843542136,-1367518.52614243632693924000
5246271.76078109007647869161,-684164.61879015378318938564,-1392979.67911474011258324000
5342164.13440165469129277846,-696669.91249861939794334992,-1418440.83208704389822724000
5438056.50802221930610686532,-709175.20620708501269731419,-1443901.98505934768387124000
5533948.88164278392092095217,-721680.49991555062745127847,-1469363.13803165146951524000
5629841.25526334853573503902,-734185.79362401624220524275,-1494824.29100395525515924000
5725733.62888391315054912587,-746691.08733248185695920703,-1520285.44397625904080324000
5821626.00250447776536321272,-759196.38104094747171317131,-1545746.59694856282644724000
5917518.37612504238017729957,-771701.67474941308646713558,-1571207.74992086661209124000
6013410.74974560699499138642,-784206.96845787870122109986,-1596668.90289317039773524000
6109303.12336617160980547327,-796712.26216634431597506414,-1622130.05586547418337924000
4425814.28118396026869013692,-498780.83292573124794840716,-1028312.51532499537170361000
4522638.04581279335266935672,-509692.68663226660668716033,-1050808.96063947787819461000
4619461.81044162643664857652,-520604.54033880196542591349,-1073305.40595396038468561000
4716285.57507045952062779631,-531516.39404533732416466666,-1095801.85126844289117661000
4813109.33969929260460701611,-542428.24775187268290341982,-1118298.29658292539766761000
4909933.10432812568858623591,-553340.10145840804164217299,-1140794.74189740790415861000
5006756.86895695877256545571,-564251.95516494340038092615,-1163291.18721189041064961000
5103580.63358579185654467550,-575163.80887147875911967932,-1185787.63252637291714061000
5200404.39821462494052389530,-586075.66257801411785843248,-1208284.07784085542363161000
5297228.16284345802450311510,-596987.51628454947659718565,-1230780.52315533793012261000
5394051.92747229110848233489,-607899.36999108483533593881,-1253276.96846982043661361000
5490875.69210112419246155469,-618811.22369762019407469198,-1275773.41378430294310461000
5587699.45672995727644077449,-629723.07740415555281344514,-1298269.85909878544959561000
5684523.22135879036041999429,-640634.93111069091155219831,-1320766.30441326795608661000
5781346.98598762344439921408,-651546.78481722627029095147,-1343262.74972775046257761000
5878170.75061645652837843388,-662458.63852376162902970464,-1365759.19504223296906861000
5974994.51524528961235765368,-673370.49223029698776845780,-1388255.64035671547555961000
6071818.27987412269633687348,-684282.34593683234650721097,-1410752.08567119798205061000
6168642.04450295578031609327,-695194.19964336770524596413,-1433248.53098568048854161000
4463035.94539525351522213042,-424238.58583233775383637217,-891836.74088976278000259000
4560674.01026935663303490947,-433519.67499952956643397384,-911347.49873027388873159000
4658312.07514345975084768852,-442800.76416672137903157551,-930858.25657078499746059000
4755950.14001756286866046757,-452081.85333391319162917717,-950369.01441129610618959000
4853588.20489166598647324662,-461362.94250110500422677884,-969879.77225180721491859000
4951226.26976576910428602567,-470644.03166829681682438051,-989390.53009231832364759000
5048864.33463987222209880472,-479925.12083548862942198217,-1008901.28793282943237659000
5146502.39951397533991158377,-489206.21000268044201958384,-1028412.04577334054110559000
5244140.46438807845772436283,-498487.29916987225461718551,-1047922.80361385164983459000
5341778.52926218157553714188,-507768.38833706406721478717,-1067433.56145436275856359000
5439416.59413628469334992093,-517049.47750425587981238884,-1086944.31929487386729259000
5537054.65901038781116269998,-526330.56667144769240999051,-1106455.07713538497602159000
5634692.72388449092897547903,-535611.65583863950500759217,-1125965.83497589608475059000
5732330.78875859404678825808,-544892.74500583131760519384,-1145476.59281640719347959000
5829968.85363269716460103713,-554173.83417302313020279550,-1164987.35065691830220859000
5927606.91850680028241381618,-563454.92334021494280039717,-1184498.10849742941093759000
6025244.98338090340022659523,-572736.01250740675539799884,-1204008.86633794051966659000
6122883.04825500651803937429,-582017.10167459856799560050,-1223519.62417845162839559000
6220521.11312910963585215334,-591298.19084179038059320217,-1243030.38201896273712459000
4494826.55537347212685412218,-348225.27446141497293212813,-754529.25412850582250969000
4593160.10504254830552080610,-355843.41654107839391073518,-771036.12908209378624869000
4691493.65471162448418749003,-363461.55862074181488934223,-787543.00403568174998769000
4789827.20438070066285417395,-371079.70070040523586794928,-804049.87898926971372669000
4888160.75404977684152085788,-378697.84278006865684655632,-820556.75394285767746569000
4986494.30371885302018754180,-386315.98485973207782516337,-837063.62889644564120469000
5084827.85338792919885422573,-393934.12693939549880377042,-853570.50385003360494369000
5183161.40305700537752090965,-401552.26901905891978237747,-870077.37880362156868269000
5281494.95272608155618759358,-409170.41109872234076098451,-886584.25375720953242169000
5379828.50239515773485427750,-416788.55317838576173959156,-903091.12871079749616069000
5478162.05206423391352096142,-424406.69525804918271819861,-919598.00366438545989969000
5576495.60173331009218764535,-432024.83733771260369680566,-936104.87861797342363869000
5674829.15140238627085432927,-439642.97941737602467541270,-952611.75357156138737769000
5773162.70107146244952101320,-447261.12149703944565401975,-969118.62852514935111669000
5871496.25074053862818769712,-454879.26357670286663262680,-985625.50347873731485569000
5969829.80040961480685438105,-462497.40565636628761123385,-1002132.37843232527859469000
6068163.35007869098552106497,-470115.54773602970858984089,-1018639.25338591324233369000
6166496.89974776716418774890,-477733.68981569312956844794,-1035146.12833950120607269000
6264830.44941684334285443282,-485351.83189535655054705499,-1051653.00329308916981169000
4521118.95263489413678417679,-270979.41140362523482770157,-616518.10575270430452637000
4620027.70241907471295534670,-276907.64179967916689568891,-630005.70377835961637337000
4718936.45220325528912651662,-282835.87219573309896367626,-643493.30180401492822037000
4817845.20198743586529768653,-288764.10259178703103166361,-656980.89982967024006737000
4916753.95177161644146885645,-294692.33298784096309965095,-670468.49785532555191437000
5015662.70155579701764002636,-300620.56338389489516763830,-683956.09588098086376137000
5114571.45133997759381119627,-306548.79377994882723562564,-697443.69390663617560837000
5213480.20112415816998236619,-312477.02417600275930361299,-710931.29193229148745537000
5312388.95090833874615353610,-318405.25457205669137160033,-724418.88995794679930237000
5411297.70069251932232470602,-324333.48496811062343958768,-737906.48798360211114937000
5510206.45047669989849587593,-330261.71536416455550757503,-751394.08600925742299637000
5609115.20026088047466704585,-336189.94576021848757556237,-764881.68403491273484337000
5708023.95004506105083821576,-342118.17615627241964354972,-778369.28206056804669037000
5806932.69982924162700938568,-348046.40655232635171153706,-791856.88008622335853737000
5905841.44961342220318055559,-353974.63694838028377952441,-805344.47811187867038437000
6004750.19939760277935172551,-359902.86734443421584751175,-818832.07613753398223137000
6103658.94918178335552289542,-365831.09774048814791549910,-832319.67416318929407837000
6202567.69896596393169406533,-371759.32813654207998348645,-845807.27218884460592537000
6301476.44875014450786523525,-377687.55853259601205147379,-859294.87021449991777237000
4541857.80928870913362124596,-192742.42138429850326678341,-477932.00269712569595014000
4641220.26409703792674356593,-196959.05716168416293133785,-488387.74548201140358414000
4740582.71890536671986588591,-201175.69293906982259589229,-498843.48826689711121814000
4839945.17371369551298820588,-205392.32871645548226044673,-509299.23105178281885214000
4939307.62852202430611052585,-209608.96449384114192500117,-519754.97383666852648614000
5038670.08333035309923284583,-213825.60027122680158955561,-530210.71662155423412014000
5138032.53813868189235516580,-218042.23604861246125411005,-540666.45940643994175414000
5237394.99294701068547748577,-222258.87182599812091866449,-551122.20219132564938814000
5336757.44775533947859980574,-226475.50760338378058321893,-561577.94497621135702214000
5436119.90256366827172212572,-230692.14338076944024777337,-572033.68776109706465614000
5535482.35737199706484444569,-234908.77915815509991232781,-582489.43054598277229014000
5634844.81218032585796676566,-239125.41493554075957688225,-592945.17333086847992414000
5734207.26698865465108908564,-243342.05071292641924143669,-603400.91611575418755814000
5833569.72179698344421140561,-247558.68649031207890599113,-613856.65890063989519214000
5932932.17660531223733372558,-251775.32226769773857054556,-624312.40168552560282614000
6032294.63141364103045604556,-255991.95804508339823510000,-634768.14447041131046014000
6131657.08622196982357836553,-260208.59382246905789965444,-645223.88725529701809414000
6231019.54103029861670068550,-264425.22959985471756420888,-655679.63004018272572814000
6330381.99583862740982300547,-268641.86537724037722876332,-666135.37282506843336214000
4556999.75455537867899885810,-113758.07441621225916756571,-338900.18808984746543919000
4656693.47047214478442434176,-116246.76560886621364508848,-346314.32477962754562819000
4756387.18638891088984982542,-118735.45680152016812261124,-353728.46146940762581719000
4856080.90230567699527530908,-121224.14799417412260013401,-361142.59815918770600619000
4955774.61822244310070079274,-123712.83918682807707765678,-368556.73484896778619519000
5055468.33413920920612627640,-126201.53037948203155517955,-375970.87153874786638419000
5155162.05005597531155176006,-128690.22157213598603270231,-383385.00822852794657319000
5254855.76597274141697724372,-131178.91276478994051022508,-390799.14491830802676219000
5354549.48188950752240272738,-133667.60395744389498774785,-398213.28160808810695119000
5454243.19780627362782821104,-136156.29515009784946527062,-405627.41829786818714019000
5553936.91372303973325369470,-138644.98634275180394279339,-413041.55498764826732919000
5653630.62963980583867917836,-141133.67753540575842031615,-420455.69167742834751819000
5753324.34555657194410466202,-143622.36872805971289783892,-427869.82836720842770719000
5853018.06147333804953014568,-146111.05992071366737536169,-435283.96505698850789619000
5952711.77739010415495562934,-148599.75111336762185288446,-442698.10174676858808519000
6052405.49330687026038111300,-151088.44230602157633040722,-450112.23843654866827419000
6152099.20922363636580659666,-153577.13349867553080792999,-457526.37512632874846319000
6251792.92514040247123208032,-156065.82469132948528545276,-464940.51181610882865219000
6351486.64105716857665756398,-158554.51588398343976297553,-472354.64850588890884119000
4566513.47389193917273139759,-34271.91354074501044707532,-199552.32072223432192551000
4666415.32193157905837417592,-35021.68194023625985523711,-203917.93701456060330651000
4766317.16997121894401695425,-35771.45033972750926339889,-208283.55330688688468751000
4866219.01801085882965973258,-36521.21873921875867156068,-212649.16959921316606851000
4966120.86605049871530251092,-37270.98713871000807972247,-217014.78589153944744951000
5066022.71409013860094528925,-38020.75553820125748788426,-221380.40218386572883051000
5165924.56212977848658806758,-38770.52393769250689604604,-225746.01847619201021151000
5265826.41016941837223084592,-39520.29233718375630420783,-230111.63476851829159251000
5365728.25820905825787362425,-40270.06073667500571236962,-234477.25106084457297351000
5465630.10624869814351640258,-41019.82913616625512053141,-238842.86735317085435451000
5565531.95428833802915918091,-41769.59753565750452869320,-243208.48364549713573551000
5665433.80232797791480195925,-42519.36593514875393685498,-247574.09993782341711651000
5765335.65036761780044473758,-43269.13433464000334501677,-251939.71623014969849751000
5865237.49840725768608751591,-44018.90273413125275317856,-256305.33252247597987851000
5965139.34644689757173029424,-44768.67113362250216134035,-260670.94881480226125951000
6065041.19448653745737307258,-45518.43953311375156950214,-265036.56510712854264051000
6164943.04252617734301585091,-46268.20793260500097766392,-269402.18139945482402151000
6264844.89056581722865862924,-47017.97633209625038582571,-273767.79769178110540251000
6364746.73860545711430140758,-47767.74473158749979398750,-278133.41398410738678351000
4570379.78049610445383445443,45469.32152290127263354997,-60018.35413127468835445000
4670366.21192240295424649675,46464.05618758955249864622,-61331.37872395188564945000
4770352.64334870145465853907,47458.79085227783236374248,-62644.40331662908294445000
4870339.07477499995507058139,48453.52551696611222883874,-63957.42790930628023945000
4970325.50620129845548262371,49448.26018165439209393500,-65270.45250198347753445000
5070311.93762759695589466603,50442.99484634267195903126,-66583.47709466067482945000
5170298.36905389545630670835,51437.72951103095182412752,-67896.50168733787212445000
5270284.80048019395671875067,52432.46417571923168922378,-69209.52628001506941945000
5370271.23190649245713079299,53427.19884040751155432003,-70522.55087269226671445000
5470257.66333279095754283531,54421.93350509579141941629,-71835.57546536946400945000
5570244.09475908945795487763,55416.66816978407128451255,-73148.60005804666130445000
5670230.52618538795836691995,56411.40283447235114960881,-74461.62465072385859945000
5770216.95761168645877896227,57406.13749916063101470507,-75774.64924340105589445000
5870203.38903798495919100459,58400.87216384891087980133,-77087.67383607825318945000
5970189.82046428345960304691,59395.60682853719074489758,-78400.69842875545048445000
6070176.25189058196001508923,60390.34149322547060999384,-79713.72302143264777945000
6170162.68331688046042713155,61385.07615791375047509010,-81026.74761410984507445000
6270149.11474317896083917387,62379.81082260203034018636,-82339.77220678704236945000
6370135.54616947746125121619,63374.54548729031020528262,-83652.79679946423966445000
4568591.65902460868050117509,125218.27349128984362240016,79571.58459295776216563000
4668538.97162632840661146114,127957.68004327605765920611,81312.37620514235551863000
4768486.28422804813272174718,130697.08659526227169601207,83053.16781732694887163000
4868433.59682976785883203323,133436.49314724848573281802,84793.95942951154222463000
4968380.90943148758494231927,136175.89969923469976962398,86534.75104169613557763000
5068328.22203320731105260532,138915.30625122091380642993,88275.54265388072893063000
5168275.53463492703716289136,141654.71280320712784323588,90016.33426606532228363000
5268222.84723664676327317741,144394.11935519334188004184,91757.12587824991563663000
5368170.15983836648938346345,147133.52590717955591684779,93497.91749043450898963000
5468117.47244008621549374949,149872.93245916576995365375,95238.70910261910234263000
5568064.78504180594160403554,152612.33901115198399045970,96979.50071480369569563000
5668012.09764352566771432158,155351.74556313819802726566,98720.29232698828904863000
5767959.41024524539382460763,158091.15211512441206407161,100461.08393917288240163000
5867906.72284696511993489367,160830.55866711062610087756,102201.87555135747575463000
5967854.03544868484604517972,163569.96521909684013768352,103942.66716354206910763000
6067801.34805040457215546576,166309.37177108305417448947,105683.45877572666246063000
6167748.66065212429826575181,169048.77832306926821129543,107424.25038791125581363000
6267695.97325384402437603785,171788.18487505548224810138,109165.04200009584916663000
6367643.28585556375048632390,174527.59142704169628490733,110905.83361228044251963000
4561154.28142519222399623450,204727.54805766546849624157,219087.31616169533292311000
4660938.88613806013526283337,209206.38306220857653597558,223880.30054501835486411000
4760723.49085092804652943224,213685.21806675168457570959,228673.28492834137680511000
4860508.09556379595779603112,218164.05307129479261544360,233466.26931166439874611000
4960292.70027666386906262999,222642.88807583790065517761,238259.25369498742068711000
5060077.30498953178032922886,227121.72308038100869491162,243052.23807831044262811000
5159861.90970239969159582774,231600.55808492411673464563,247845.22246163346456911000
5259646.51441526760286242661,236079.39308946722477437964,252638.20684495648651011000
5359431.11912813551412902548,240558.22809401033281411365,257431.19122827950845111000
5459215.72384100342539562436,245037.06309855344085384766,262224.17561160253039211000
5559000.32855387133666222323,249515.89810309654889358167,267017.15999492555233311000
5658784.93326673924792882210,253994.73310763965693331568,271810.14437824857427411000
5758569.53797960715919542098,258473.56811218276497304969,276603.12876157159621511000
5858354.14269247507046201985,262952.40311672587301278370,281396.11314489461815611000
5958138.74740534298172861872,267431.23812126898105251771,286189.09752821764009711000
6057923.35211821089299521760,271910.07312581208909225172,290982.08191154066203811000
6157707.95683107880426181647,276388.90813035519713198573,295775.06629486368397911000
6257492.56154394671552841534,280867.74313489830517171974,300568.05067818670592011000
6357277.16625681462679501422,285346.57813944141321145375,305361.03506150972786111000
4548084.99484582714974537183,283750.29452142698749276061,358398.73049054717598389000
4647583.68211001063584787395,289957.91417842604650594724,366239.43778633687574289000
4747082.36937419412195037607,296165.53383542510551913386,374080.14508212657550189000
4846581.05663837760805287819,302373.15349242416453232049,381920.85237791627526089000
4946079.74390256109415538030,308580.77314942322354550711,389761.55967370597501989000
5045578.43116674458025788242,314788.39280642228255869374,397602.26696949567477889000
5145077.11843092806636038454,320996.01246342134157188036,405442.97426528537453789000
5244575.80569511155246288666,327203.63212042040058506699,413283.68156107507429689000
5344074.49295929503856538878,333411.25177741945959825361,421124.38885686477405589000
5443573.18022347852466789090,339618.87143441851861144024,428965.09615265447381489000
5543071.86748766201077039301,345826.49109141757762462686,436805.80344844417357389000
5642570.55475184549687289513,352034.11074841663663781348,444646.51074423387333289000
5742069.24201602898297539725,358241.73040541569565100011,452487.21804002357309189000
5841567.92928021246907789937,364449.35006241475466418673,460327.92533581327285089000
5941066.61654439595518040149,370656.96971941381367737336,468168.63263160297260989000
6040565.30380857944128290361,376864.58937641287269055998,476009.33992739267236889000
6140063.99107276292738540573,383072.20903341193170374661,483850.04722318237212789000
6239562.67833694641348790784,389279.82869041099071693323,491690.75451897207188689000
6339061.36560112989959040996,395487.44834741004973011986,499531.46181476177164589000
4529413.28164905652180334656,362040.78516718031720788024,497375.90803803129766966000
4628503.48689187114708891529,369961.16987877909903259869,508257.02613118446541566000
4727593.69213468577237448402,377881.55459037788085731714,519138.14422433763316166000
4826683.89737750039766005275,385801.93930197666268203558,530019.26231749080090766000
4925774.10262031502294562147,393722.32401357544450675403,540900.38041064396865366000
5024864.30786312964823119020,401642.70872517422633147248,551781.49850379713639966000
5123954.51310594427351675893,409563.09343677300815619093,562662.61659695030414566000
5223044.71834875889880232766,417483.47814837178998090938,573543.73469010347189166000
5322134.92359157352408789639,425403.86285997057180562782,584424.85278325663963766000
5421225.12883438814937346511,433324.24757156935363034627,595305.97087640980738366000
5520315.33407720277465903384,441244.63228316813545506472,606187.08896956297512966000
5619405.53932001739994460257,449165.01699476691727978317,617068.20706271614287566000
5718495.74456283202523017130,457085.40170636569910450161,627949.32515586931062166000
5817585.94980564665051574003,465005.78641796448092922006,638830.44324902247836766000
5916676.15504846127580130876,472926.17112956326275393851,649711.56134217564611366000
6015766.36029127590108687748,480846.55584116204457865696,660592.67943532881385966000
6114856.56553409052637244621,488766.94055276082640337541,671473.79752848198160566000
6213946.77077690515165801494,496687.32526435960822809385,682354.91562163514935166000
6313036.97601971977694358367,504607.70997595839005281230,693236.03371478831709766000
4505180.69162353523296281968,439354.99205727535901192842,635889.24096640937049286000
4603740.75925914090421556130,448966.78361398669917845497,649800.62230455002615886000
4702300.82689474657546830293,458578.57517069803934498151,663712.00364269068182486000
4800860.89453035224672104455,468190.36672740937951150806,677623.38498083133749086000
4899420.96216595791797378618,477802.15828412071967803461,691534.76631897199315686000
4997981.02980156358922652780,487413.94984083205984456115,705446.14765711264882286000
5096541.09743716926047926943,497025.74139754340001108770,719357.52899525330448886000
5195101.16507277493173201105,506637.53295425474017761424,733268.91033339396015486000
5293661.23270838060298475268,516249.32451096608034414079,747180.29167153461582086000
5392221.30034398627423749430,525861.11606767742051066734,761091.67300967527148686000
5490781.36797959194549023593,535472.90762438876067719388,775003.05434781592715286000
5589341.43561519761674297755,545084.69918110010084372043,788914.43568595658281886000
5687901.50325080328799571918,554696.49073781144101024698,802825.81702409723848486000
5786461.57088640895924846080,564308.28229452278117677352,816737.19836223789415086000
5885021.63852201463050120243,573920.07385123412134330007,830648.57970037854981686000
5983581.70615762030175394405,583531.86540794546150982661,844559.96103851920548286000
6082141.77379322597300668568,593143.65696465680167635316,858471.34237665986114886000
6180701.84142883164425942730,602755.44852136814184287971,872382.72371480051681486000
6279261.90906443731551216893,612367.24007807948200940625,886294.10505294117248086000
4475440.74654886146220491708,515451.15990768672696680940,773809.55401183174253576000
4573350.19189011854954258755,526727.71120735171771209072,790738.22506875214819176000
4671259.63723137563688025802,538004.26250701670845737205,807666.89612567255384776000
4769169.08257263272421792848,549280.81380668169920265337,824595.56718259295950376000
4867078.52791388981155559895,560557.36510634668994793470,841524.23823951336515976000
4964987.97325514689889326942,571833.91640601168069321602,858452.90929643377081576000
5062897.41859640398623093989,583110.46770567667143849735,875381.58035335417647176000
5160806.86393766107356861035,594387.01900534166218377868,892310.25141027458212776000
5258716.30927891816090628082,605663.57030500665292906000,909238.92246719498778376000
5356625.75462017524824395129,616940.12160467164367434133,926167.59352411539343976000
5454535.19996143233558162176,628216.67290433663441962265,943096.26458103579909576000
5552444.64530268942291929223,639493.22420400162516490398,960024.93563795620475176000
5650354.09064394651025696269,650769.77550366661591018531,976953.60669487661040776000
5748263.53598520359759463316,662046.32680333160665546663,993882.27775179701606376000
5846172.98132646068493230363,673322.87810299659740074796,1010810.94880871742171976000
5944082.42666771777226997410,684599.42940266158814602928,1027739.61986563782737576000
6041991.87200897485960764456,695875.98070232657889131061,1044668.29092255823303176000
6139901.31735023194694531503,707152.53200199156963659193,1061596.96197947863868776000
6237810.76269148903428298550,718429.08330165656038187326,1078525.63303639904434376000
4440258.81733342981541248320,590090.37372611810598204351,911008.22495107112929507000
4537398.58581589382362540123,602999.81091111303282479222,930938.39832562967511207000
4634538.35429835783183831926,615909.24809610795966754093,950868.57170018822092907000
4731678.12278082184005123729,628818.68528110288651028964,970798.74507474676674607000
4828817.89126328584826415532,641728.12246609781335303835,990728.91844930531256307000
4925957.65974574985647707335,654637.55965109274019578706,1010659.09182386385838007000
5023097.42822821386468999139,667546.99683608766703853577,1030589.26519842240419707000
5120237.19671067787290290942,680456.43402108259388128448,1050519.43857298095001407000
5217376.96519314188111582745,693365.87120607752072403319,1070449.61194753949583107000
5314516.73367560588932874548,706275.30839107244756678190,1090379.78532209804164807000
5411656.50215806989754166351,719184.74557606737440953061,1110309.95869665658746507000
5508796.27064053390575458154,732094.18276106230125227932,1130240.13207121513328207000
5605936.03912299791396749957,745003.61994605722809502803,1150170.30544577367909907000
5703075.80760546192218041760,757913.05713105215493777674,1170100.47882033222491607000
5800215.57608792593039333563,770822.49431604708178052545,1190030.65219489077073307000
5897355.34457038993860625367,783731.93150104200862327416,1209960.82556944931655007000
5994495.11305285394681917170,796641.36868603693546602287,1229890.99894400786236707000
6091634.88153531795503208973,809550.80587103186230877158,1249821.17231856640818407000
6188774.65001778196324500776,822460.24305602678915152029,1269751.34569312495400107000
4399711.97400817315297754124,663037.11990327261447247634,1047357.30455249968624305000
4495964.69713239483648175347,677542.41677273821531414067,1070270.39369169241619805000
4592217.42025661651998596571,692047.71364220381615580499,1093183.48283088514615305000
4688470.14338083820349017794,706553.01051166941699746932,1116096.57197007787610805000
4784722.86650505988699439018,721058.30738113501783913365,1139009.66110927060606305000
4880975.58962928157049860241,735563.60425060061868079797,1161922.75024846333601805000
4977228.31275350325400281464,750068.90112006621952246230,1184835.83938765606597305000
5073481.03587772493750702688,764574.19798953182036412662,1207748.92852684879592805000
5169733.75900194662101123911,779079.49485899742120579095,1230662.01766604152588305000
5265986.48212616830451545135,793584.79172846302204745528,1253575.10680523425583805000
5362239.20525038998801966358,808090.08859792862288911960,1276488.19594442698579305000
5458491.92837461167152387582,822595.38546739422373078393,1299401.28508361971574805000
5554744.65149883335502808805,837100.68233685982457244825,1322314.37422281244570305000
5650997.37462305503853230029,851605.97920632542541411258,1345227.46336200517565805000
5747250.09774727672203651252,866111.27607579102625577691,1368140.55250119790561305000
5843502.82087149840554072476,880616.57294525662709744123,1391053.64164039063556805000
5939755.54399572008904493699,895121.86981472222793910556,1413966.73077958336552305000
6036008.26711994177254914922,909627.16668418782878076989,1436879.81991877609547805000
6132260.99024416345605336146,924132.46355365342962243421,1459792.90905796882543305000
4353888.80892154467162575769,734059.83946330900301390456,1182729.63589944514643656000
4449139.05632739776004461040,750118.90398886815862567232,1208604.27243192042857256000
4544389.30373325084846346312,766177.96851442731423744009,1234478.90896439571070856000
4639639.55113910393688231584,782237.03303998646984920785,1260353.54549687099284456000
4734889.79854495702530116855,798296.09756554562546097562,1286228.18202934627498056000
4830140.04595081011372002127,814355.16209110478107274339,1312102.81856182155711656000
4925390.29335666320213887399,830414.22661666393668451115,1337977.45509429683925256000
5020640.54076251629055772671,846473.29114222309229627892,1363852.09162677212138856000
5115890.78816836937897657942,862532.35566778224790804668,1389726.72815924740352456000
5211141.03557422246739543214,878591.42019334140351981445,1415601.36469172268566056000
5306391.28298007555581428486,894650.48471890055913158221,1441476.00122419796779656000
5401641.53038592864423313757,910709.54924445971474334998,1467350.63775667324993256000
5496891.77779178173265199029,926768.61377001887035511774,1493225.27428914853206856000
5592142.02519763482107084301,942827.67829557802596688551,1519099.91082162381420456000
5687392.27260348790948969572,958886.74282113718157865327,1544974.54735409909634056000
5782642.52000934099790854844,974945.80734669633719042104,1570849.18388657437847656000
5877892.76741519408632740116,991004.87187225549280218881,1596723.82041904966061256000
5973143.01482104717474625387,1007063.93639781464841395657,1622598.45695152494274856000
6068393.26222690026316510659,1023123.00092337380402572434,1648473.09348400022488456000
4302889.23354278108441015400,802931.47219756114972752265,1316998.97297464701884455000
4397023.76063844463908987734,820497.24494307769205365529,1345811.02663849840844955000
4491158.28773410819376960068,838063.01768859423437978792,1374623.08030234979805455000
4585292.81482977174844932402,855628.79043411077670592055,1403435.13396620118765955000
4679427.34192543530312904737,873194.56317962731903205318,1432247.18763005257726455000
4773561.86902109885780877071,890760.33592514386135818582,1461059.24129390396686955000
4867696.39611676241248849405,908326.10867066040368431845,1489871.29495775535647455000
4961830.92321242596716821739,925891.88141617694601045108,1518683.34862160674607955000
5055965.45030808952184794074,943457.65416169348833658372,1547495.40228545813568455000
5150099.97740375307652766408,961023.42690721003066271635,1576307.45594930952528955000
5244234.50449941663120738742,978589.19965272657298884898,1605119.50961316091489455000
5338369.03159508018588711077,996154.97239824311531498162,1633931.56327701230449955000
5432503.55869074374056683411,1013720.74514375965764111425,1662743.61694086369410455000
5526638.08578640729524655745,1031286.51788927619996724688,1691555.67060471508370955000
5620772.61288207084992628079,1048852.29063479274229337951,1720367.72426856647331455000
5714907.13997773440460600414,1066418.06338030928461951215,1749179.77793241786291955000
5809041.66707339795928572748,1083983.83612582582694564478,1777991.83159626925252455000
5903176.19416906151396545082,1101549.60887134236927177741,1806803.88526012064212955000
5997310.72126472506864517417,1119115.38161685891159791005,1835615.93892397203173455000
4246824.24934123968819514675,869429.99042659452694220932,1450040.09839522292519984000
4339732.23991969603665708389,888450.55464507176446008745,1481762.69954147588790384000
4432640.23049815238511902104,907471.11886354900197796558,1513485.30068772885060784000
4525548.22107660873358095818,926491.68308202623949584371,1545207.90183398181331184000
4618456.21165506508204289532,945512.24730050347701372184,1576930.50298023477601584000
4711364.20223352143050483246,964532.81151898071453159997,1608653.10412648773871984000
4804272.19281197777896676960,983553.37573745795204947810,1640375.70527274070142384000
4897180.18339043412742870675,1002573.93995593518956735623,1672098.30641899366412784000
4990088.17396889047589064389,1021594.50417441242708523436,1703820.90756524662683184000
5082996.16454734682435258103,1040615.06839288966460311248,1735543.50871149958953584000
5175904.15512580317281451817,1059635.63261136690212099061,1767266.10985775255223984000
5268812.14570425952127645531,1078656.19682984413963886874,1798988.71100400551494384000
5361720.13628271586973839246,1097676.76104832137715674687,1830711.31215025847764784000
5454628.12686117221820032960,1116697.32526679861467462500,1862433.91329651144035184000
5547536.11743962856666226674,1135717.88948527585219250313,1894156.51444276440305584000
5640444.10801808491512420388,1154738.45370375308971038126,1925879.11558901736575984000
5733352.09859654126358614102,1173759.01792223032722825939,1957601.71673527032846384000
5826260.08917499761204807817,1192779.58214070756474613752,1989324.31788152329116784000
5919168.07975345396051001531,1211800.14635918480226401565,2021046.91902777625387184000
4185815.69326927681554090172,933338.92115955976299493403,1581728.94018834737728021000
4277388.99655672544418979478,953757.62431334580025144101,1616332.50483915348923121000
4368962.29984417407283868784,974176.32746713183750794798,1650936.06948995960118221000
4460535.60313162270148758090,994595.03062091787476445496,1685539.63414076571313321000
4552108.90641907133013647396,1015013.73377470391202096194,1720143.19879157182508421000
4643682.20970651995878536702,1035432.43692848994927746892,1754746.76344237793703521000
4735255.51299396858743426008,1055851.14008227598653397590,1789350.32809318404898621000
4826828.81628141721608315314,1076269.84323606202379048288,1823953.89274399016093721000
4918402.11956886584473204620,1096688.54638984806104698986,1858557.45739479627288821000
5009975.42285631447338093925,1117107.24954363409830349684,1893161.02204560238483921000
5101548.72614376310202983231,1137525.95269742013556000382,1927764.58669640849679021000
5193122.02943121173067872537,1157944.65585120617281651080,1962368.15134721460874121000
5284695.33271866035932761843,1178363.35900499221007301778,1996971.71599802072069221000
5376268.63600610898797651149,1198782.06215877824732952476,2031575.28064882683264321000
5467841.93929355761662540455,1219200.76531256428458603174,2066178.84529963294459421000
5559415.24258100624527429761,1239619.46846635032184253872,2100782.40995043905654521000
5650988.54586845487392319067,1260038.17162013635909904570,2135385.97460124516849621000
5742561.84915590350257208373,1280456.87477392239635555268,2169989.53925205128044721000
5834135.15244335213122097679,1300875.57792770843361205966,2204593.10390285739239821000
4119995.95843459521987021731,994447.85544652510132562270,1711942.68749873991020021000
4210129.32002800137213165282,1016203.44187064509916691832,1749394.94493690967415121000
4300262.68162140752439308834,1037959.02829476509700821394,1786847.20237507943810221000
4390396.04321481367665452385,1059714.61471888509484950956,1824299.45981324920205321000
4480529.40480821982891595936,1081470.20114300509269080517,1861751.71725141896600421000
4570662.76640162598117739488,1103225.78756712509053210079,1899203.97468958872995521000
4660796.12799503213343883039,1124981.37399124508837339641,1936656.23212775849390621000
4750929.48958843828570026590,1146736.96041536508621469203,1974108.48956592825785721000
4841062.85118184443796170142,1168492.54683948508405598765,2011560.74700409802180821000
4931196.21277525059022313693,1190248.13326360508189728326,2049013.00444226778575921000
5021329.57436865674248457244,1212003.71968772507973857888,2086465.26188043754971021000
5111462.93596206289474600796,1233759.30611184507757987450,2123917.51931860731366121000
5201596.29755546904700744347,1255514.89253596507542117012,2161369.77675677707761221000
5291729.65914887519926887898,1277270.47896008507326246574,2198822.03419494684156321000
5381863.02074228135153031450,1299026.06538420507110376136,2236274.29163311660551421000
5471996.38233568750379175001,1320781.65180832506894505697,2273726.54907128636946521000
5562129.74392909365605318552,1342537.23823244506678635259,2311178.80650945613341621000
5652263.10552249980831462104,1364292.82465656506462764821,2348631.06394762589736721000
5742396.46711590596057605655,1386048.41108068506246894383,2386083.32138579566131821000
4049507.69060509872340361658,1052552.94374896492601863093,1840559.90512005566406620000
4138098.97677016323277582434,1075579.69815169879007504377,1880825.92798420039528620000
4226690.26293522774214803210,1098606.45255443265413145661,1921091.95084834512650620000
4315281.54910029225152023985,1121633.20695716651818786945,1961357.97371248985772620000
4403872.83526535676089244761,1144659.96135990038224428229,2001623.99657663458894620000
4492464.12143042127026465537,1167686.71576263424630069513,2041890.01944077932016620000
4581055.40759548577963686313,1190713.47016536811035710797,2082156.04230492405138620000
4669646.69376055028900907088,1213740.22456810197441352081,2122422.06516906878260620000
4758237.97992561479838127864,1236766.97897083583846993365,2162688.08803321351382620000
4846829.26609067930775348640,1259793.73337356970252634649,2202954.11089735824504620000
4935420.55225574381712569416,1282820.48777630356658275933,2243220.13376150297626620000
5024011.83842080832649790191,1305847.24217903743063917217,2283486.15662564770748620000
5112603.12458587283587010967,1328873.99658177129469558501,2323752.17948979243870620000
5201194.41075093734524231743,1351900.75098450515875199785,2364018.20235393716992620000
5289785.69691600185461452519,1374927.50538723902280841069,2404284.22521808190114620000
5378376.98308106636398673294,1397954.25978997288686482354,2444550.24808222663236620000
5466968.26924613087335894070,1420981.01419270675092123638,2484816.27094637136358620000
5555559.55541119538273114846,1444007.76859544061497764922,2525082.29381051609480620000
5644150.84157625989210335621,1467034.52299817447903406206,2565348.31667466082602620000
3974503.46124492244535414375,1107457.37618578265776832522,1967460.64674336831816281000
4061453.87606104413525469382,1131685.27765560944966874800,2010502.88360058486417381000
4148404.29087716582515524389,1155913.17912543624156917078,2053545.12045780141018481000
4235354.70569328751505579396,1180141.08059526303346959356,2096587.35731501795619581000
4322305.12050940920495634403,1204368.98206508982537001634,2139629.59417223450220681000
4409255.53532553089485689410,1228596.88353491661727043911,2182671.83102945104821781000
4496205.95014165258475744417,1252824.78500474340917086189,2225714.06788666759422881000
4583156.36495777427465799424,1277052.68647457020107128467,2268756.30474388414023981000
4670106.77977389596455854431,1301280.58794439699297170745,2311798.54160110068625081000
4757057.19459001765445909439,1325508.48941422378487213023,2354840.77845831723226181000
4844007.60940613934435964446,1349736.39088405057677255301,2397883.01531553377827281000
4930958.02422226103426019453,1373964.29235387736867297579,2440925.25217275032428381000
5017908.43903838272416074460,1398192.19382370416057339857,2483967.48902996687029481000
5104858.85385450441406129467,1422420.09529353095247382135,2527009.72588718341630581000
5191809.26867062610396184474,1446647.99676335774437424412,2570051.96274439996231681000
5278759.68348674779386239481,1470875.89823318453627466690,2613094.19960161650832781000
5365710.09830286948376294488,1495103.79970301132817508968,2656136.43645883305433881000
5452660.51311899117366349495,1519331.70117283812007551246,2699178.67331604960034981000
5539610.92793511286356404503,1543559.60264266491197593524,2742220.91017326614636081000
3895145.41783432802728948336,1158971.84654707907224571286,2092526.56681713169720741000
3980359.71268959663431834976,1184326.73271087428275207280,2138304.87718285323947841000
4065574.00754486524134721617,1209681.61887466949325843274,2184083.18754857478174941000
4150788.30240013384837608257,1235036.50503846470376479268,2229861.49791429632402041000
4236002.59725540245540494898,1260391.39120225991427115262,2275639.80828001786629141000
4321216.89211067106243381538,1285746.27736605512477751256,2321418.11864573940856241000
4406431.18696593966946268179,1311101.16352985033528387250,2367196.42901146095083341000
4491645.48182120827649154819,1336456.04969364554579023244,2412974.73937718249310441000
4576859.77667647688352041459,1361810.93585744075629659238,2458753.04974290403537541000
4662074.07153174549054928100,1387165.82202123596680295232,2504531.36010862557764641000
4747288.36638701409757814740,1412520.70818503117730931226,2550309.67047434711991741000
4832502.66124228270460701381,1437875.59434882638781567220,2596087.98084006866218841000
4917716.95609755131163588021,1463230.48051262159832203214,2641866.29120579020445941000
5002931.25095281991866474662,1488585.36667641680882839208,2687644.60157151174673041000
5088145.54580808852569361302,1513940.25284021201933475202,2733422.91193723328900141000
5173359.84066335713272247943,1539295.13900400722984111196,2779201.22230295483127241000
5258574.13551862573975134583,1564650.02516780244034747190,2824979.53266867637354341000
5343788.43037389434678021224,1590004.91133159765085383184,2870757.84303439791581441000
5429002.72522916295380907864,1615359.79749539286136019178,2916536.15340011945808541000
3811604.91227844107699032825,1206914.99900526123383093651,2215641.03091430128377670000
3894991.58723530918193433018,1233318.73995921575655749386,2264112.72268665528254670000
3978378.26219217728687833211,1259722.48091317027928405121,2312584.41445900928131670000
4061764.93714904539182233404,1286126.22186712480201060856,2361056.10623136328008670000
4145151.61210591349676633597,1312529.96282107932473716591,2409527.79800371727885670000
4228538.28706278160171033790,1338933.70377503384746372327,2457999.48977607127762670000
4311924.96201964970665433983,1365337.44472898837019028062,2506471.18154842527639670000
4395311.63697651781159834176,1391741.18568294289291683797,2554942.87332077927516670000
4478698.31193338591654234369,1418144.92663689741564339532,2603414.56509313327393670000
4562084.98689025402148634562,1444548.66759085193836995267,2651886.25686548727270670000
4645471.66184712212643034755,1470952.40854480646109651002,2700357.94863784127147670000
4728858.33680399023137434949,1497356.14949876098382306737,2748829.64041019527024670000
4812245.01176085833631835142,1523759.89045271550654962472,2797301.33218254926901670000
4895631.68671772644126235335,1550163.63140667002927618207,2845773.02395490326778670000
4979018.36167459454620635528,1576567.37236062455200273943,2894244.71572725726655670000
5062405.03663146265115035721,1602971.11331457907472929678,2942716.40749961126532670000
5145791.71158833075609435914,1629374.85426853359745585413,2991188.09927196526409670000
5229178.38654519886103836107,1655778.59522248812018241148,3039659.79104431926286670000
5312565.06150206696598236300,1682182.33617644264290896883,3088131.48281667326163670000
3724062.10826024216154609498,1251113.85649293668736053651,2336689.22450368906870733000
3805533.60483123848973568358,1278484.53810512081965895122,2387809.09377745168233033000
3887005.10140223481792527218,1305855.21971730495195736594,2438928.96305121429595333000
3968476.59797323114611486078,1333225.90132948908425578065,2490048.83232497690957633000
4049948.09454422747430444938,1360596.58294167321655419536,2541168.70159873952319933000
4131419.59111522380249403799,1387967.26455385734885261007,2592288.57087250213682233000
4212891.08768622013068362659,1415337.94616604148115102479,2643408.44014626475044533000
4294362.58425721645887321519,1442708.62777822561344943950,2694528.30942002736406833000
4375834.08082821278706280379,1470079.30939040974574785421,2745648.17869378997769133000
4457305.57739920911525239239,1497449.99100259387804626892,2796768.04796755259131433000
4538777.07397020544344198099,1524820.67261477801034468364,2847887.91724131520493733000
4620248.57054120177163156960,1552191.35422696214264309835,2899007.78651507781856033000
4701720.06711219809982115820,1579562.03583914627494151306,2950127.65578884043218333000
4783191.56368319442801074680,1606932.71745133040723992778,3001247.52506260304580633000
4864663.06025419075620033540,1634303.39906351453953834249,3052367.39433636565942933000
4946134.55682518708438992400,1661674.08067569867183675720,3103487.26361012827305233000
5027606.05339618341257951260,1689044.76228788280413517191,3154607.13288389088667533000
5109077.54996717974076910121,1716415.44390006693643358663,3205727.00215765350029833000
5190549.04653817606895868981,1743786.12551225106873200134,3256846.87143141611392133000
3632705.56844168695170381069,1291404.22975926053643915676,2455558.26002411335599349000
3712178.45333430753695219859,1319656.34592113453636125601,2509278.63324713049351249000
3791651.33822692812220058649,1347908.46208300853628335526,2562999.00647014763103149000
3871124.22311954870744897438,1376160.57824488253620545451,2616719.37969316476855049000
3950597.10801216929269736228,1404412.69440675653612755376,2670439.75291618190606949000
4030069.99290478987794575017,1432664.81056863053604965301,2724160.12613919904358849000
4109542.87779741046319413807,1460916.92673050453597175226,2777880.49936221618110749000
4189015.76269003104844252596,1489169.04289237853589385151,2831600.87258523331862649000
4268488.64758265163369091386,1517421.15905425253581595076,2885321.24580825045614549000
4347961.53247527221893930175,1545673.27521612653573805001,2939041.61903126759366449000
4427434.41736789280418768965,1573925.39137800053566014927,2992761.99225428473118349000
4506907.30226051338943607754,1602177.50753987453558224852,3046482.36547730186870249000
4586380.18715313397468446544,1630429.62370174853550434777,3100202.73870031900622149000
4665853.07204575455993285333,1658681.73986362253542644702,3153923.11192333614374049000
4745325.95693837514518124123,1686933.85602549653534854627,3207643.48514635328125949000
4824798.84183099573042962913,1715185.97218737053527064552,3261363.85836937041877849000
4904271.72672361631567801702,1743438.08834924453519274477,3315084.23159238755629749000
4983744.61161623690092640492,1771690.20451111853511484402,3368804.60481540469381649000
5063217.49650885748617479281,1799942.32067299253503694327,3422524.97803842183133549000
3537731.82246321395022836861,1327631.10616090232394524371,2572137.28216148792607561000
3615126.96187391650875447600,1356675.75954442676769814775,2628408.06059424854576661000
3692522.10128461906728058339,1385720.41292795121145105179,2684678.83902700916545761000
3769917.24069532162580669077,1414765.06631147565520395583,2740949.61745976978514861000
3847312.38010602418433279816,1443809.71969500009895685987,2797220.39589253040483961000
3924707.51951672674285890554,1472854.37307852454270976392,2853491.17432529102453061000
4002102.65892742930138501293,1501899.02646204898646266796,2909761.95275805164422161000
4079497.79833813185991112032,1530943.67984557343021557200,2966032.73119081226391261000
4156892.93774883441843722770,1559988.33322909787396847604,3022303.50962357288360361000
4234288.07715953697696333509,1589032.98661262231772138008,3078574.28805633350329461000
4311683.21657023953548944247,1618077.63999614676147428412,3134845.06648909412298561000
4389078.35598094209401554986,1647122.29337967120522718816,3191115.84492185474267661000
4466473.49539164465254165725,1676166.94676319564898009220,3247386.62335461536236761000
4543868.63480234721106776463,1705211.60014672009273299624,3303657.40178737598205861000
4621263.77421304976959387202,1734256.25353024453648590028,3359928.18022013660174961000
4698658.91362375232811997940,1763300.90691376898023880433,3416198.95865289722144061000
4776054.05303445488664608679,1792345.56029729342399170837,3472469.73708565784113161000
4853449.19244515744517219418,1821390.21368081786774461241,3528740.51551841846082261000
4930844.33185586000369830156,1850434.86706434231149751645,3585011.29395117908051361000
3439344.91673609282385113775,1359649.01729047274729846169,2686317.57123067086938035000
3514587.64079507538398789421,1389394.12814784471726780016,2745086.27766757025396535000
3589830.36485405794412465067,1419139.23900521668723713864,2803854.98410446963855035000
3665073.08891304050426140713,1448884.34986258865720647711,2862623.69054136902313535000
3740315.81297202306439816359,1478629.46071996062717581559,2921392.39697826840772035000
3815558.53703100562453492005,1508374.57157733259714515406,2980161.10341516779230535000
3890801.26108998818467167651,1538119.68243470456711449254,3038929.80985206717689035000
3966043.98514897074480843297,1567864.79329207653708383101,3097698.51628896656147535000
4041286.70920795330494518943,1597609.90414944850705316949,3156467.22272586594606035000
4116529.43326693586508194589,1627355.01500682047702250796,3215235.92916276533064535000
4191772.15732591842521870235,1657100.12586419244699184644,3274004.63559966471523035000
4267014.88138490098535545880,1686845.23672156441696118491,3332773.34203656409981535000
4342257.60544388354549221526,1716590.34757893638693052339,3391542.04847346348440035000
4417500.32950286610562897172,1746335.45843630835689986186,3450310.75491036286898535000
4492743.05356184866576572818,1776080.56929368032686920034,3509079.46134726225357035000
4567985.77762083122590248464,1805825.68015105229683853881,3567848.16778416163815535000
4643228.50167981378603924110,1835570.79100842426680787729,3626616.87422106102274035000
4718471.22573879634617599756,1865315.90186579623677721576,3685385.58065796040732535000
4793713.94979777890631275402,1895061.01272316820674655424,3744154.28709485979191035000
3337755.94706397092445977868,1387322.38459398969916185049,2797992.64456566087232475000
3410776.20405508820567745050,1417672.90711846989384926792,2859204.47227438239654975000
3483796.46104620548689512231,1448023.42964295008853668534,2920416.29998310392077475000
3556816.71803732276811279413,1478373.95216743028322410277,2981628.12769182544499975000
3629836.97502844004933046594,1508724.47469191047791152019,3042839.95540054696922475000
3702857.23201955733054813776,1539074.99721639067259893762,3104051.78310926849344975000
3775877.48901067461176580958,1569425.51974087086728635504,3165263.61081799001767475000
3848897.74600179189298348139,1599776.04226535106197377247,3226475.43852671154189975000
3921918.00299290917420115321,1630126.56478983125666118989,3287687.26623543306612475000
3994938.25998402645541882502,1660477.08731431145134860732,3348899.09394415459034975000
4067958.51697514373663649684,1690827.60983879164603602474,3410110.92165287611457475000
4140978.77396626101785416865,1721178.13236327184072344217,3471322.74936159763879975000
4213999.03095737829907184047,1751528.65488775203541085959,3532534.57707031916302475000
4287019.28794849558028951228,1781879.17741223223009827702,3593746.40477904068724975000
4360039.54493961286150718410,1812229.69993671242478569444,3654958.23248776221147475000
4433059.80193073014272485592,1842580.22246119261947311187,3716170.06019648373569975000
4506080.05892184742394252773,1872930.74498567281416052929,3777381.88790520525992475000
4579100.31591296470516019955,1903281.26751015300884794672,3838593.71561392678414975000
4652120.57290408198637787136,1933631.79003463320353536414,3899805.54332264830837475000
3233182.57516949363772842578,1410525.84217965668819735686,2907058.35582358612124569000
3303915.07517320165868069937,1441383.98792850063237144036,2970656.21965696144658469000
3374647.57517690967963297296,1472242.13367734457654552387,3034254.08349033677192369000
3445380.07518061770058524655,1503100.27942618852071960737,3097851.94732371209726269000
3516112.57518432572153752014,1533958.42517503246489369087,3161449.81115708742260169000
3586845.07518803374248979373,1564816.57092387640906777437,3225047.67499046274794069000
3657577.57519174176344206732,1595674.71667272035324185787,3288645.53882383807327969000
3728310.07519544978439434091,1626532.86242156429741594137,3352243.40265721339861869000
3799042.57519915780534661450,1657391.00817040824159002488,3415841.26649058872395769000
3869775.07520286582629888809,1688249.15391925218576410838,3479439.13032396404929669000
3940507.57520657384725116168,1719107.29966809612993819188,3543036.99415733937463569000
4011240.07521028186820343527,1749965.44541694007411227538,3606634.85799071469997469000
4081972.57521398988915570886,1780823.59116578401828635888,3670232.72182409002531369000
4152705.07521769791010798245,1811681.73691462796246044238,3733830.58565746535065269000
4223437.57522140593106025604,1842539.88266347190663452589,3797428.44949084067599169000
4294170.07522511395201252963,1873398.02841231585080860939,3861026.31332421600133069000
4364902.57522882197296480322,1904256.17416115979498269289,3924624.17715759132666969000
4435635.07523252999391707681,1935114.31991000373915677639,3988222.04099096665200869000
4506367.57523623801486935040,1965972.46565884768333085989,4051819.90482434197734769000
3125848.53023891473969798561,1429144.53607275762025720898,3013412.99210987655102805000
3194232.87787048145900881443,1460410.00393696146231052792,3079337.58174255816448305000
3262617.22550204817831964326,1491675.47180116530436384687,3145262.17137523977793805000
3331001.57313361489763047208,1522940.93966536914641716581,3211186.76100792139139305000
3399385.92076518161694130091,1554206.40752957298847048476,3277111.35064060300484805000
3467770.26839674833625212973,1585471.87539377683052380371,3343035.94027328461830305000
3536154.61602831505556295856,1616737.34325798067257712265,3408960.52990596623175805000
3604538.96365988177487378739,1648002.81112218451463044160,3474885.11953864784521305000
3672923.31129144849418461621,1679268.27898638835668376054,3540809.70917132945866805000
3741307.65892301521349544504,1710533.74685059219873707949,3606734.29880401107212305000
3809692.00655458193280627386,1741799.21471479604079039843,3672658.88843669268557805000
3878076.35418614865211710269,1773064.68257899988284371738,3738583.47806937429903305000
3946460.70181771537142793151,1804330.15044320372489703632,3804508.06770205591248805000
4014845.04944928209073876034,1835595.61830740756695035527,3870432.65733473752594305000
4083229.39708084881004958916,1866861.08617161140900367421,3936357.24696741913939805000
4151613.74471241552936041799,1898126.55403581525105699316,4002281.83660010075285305000
4219998.09234398224867124681,1929392.02190001909311031210,4068206.42623278236630805000
4288382.43997554896798207564,1960657.48976422293516363105,4134131.01586546397976305000
4356766.78760711568729290447,1991922.95762842677721694999,4200055.60549814559321805000
3015983.09663209066904303142,1443074.39922571923540657389,3116957.36883404209583646000
3081963.91257241205755852106,1474644.61141617469888079340,3185147.20407434054466246000
3147944.72851273344607401070,1506214.82360663016235501291,3253337.03931463899348846000
3213925.54445305483458950034,1537785.03579708562582923242,3321526.87455493744231446000
3279906.36039337622310498998,1569355.24798754108930345193,3389716.70979523589114046000
3345887.17633369761162047962,1600925.46017799655277767145,3457906.54503553433996646000
3411867.99227401900013596926,1632495.67236845201625189096,3526096.38027583278879246000
3477848.80821434038865145890,1664065.88455890747972611047,3594286.21551613123761846000
3543829.62415466177716694854,1695636.09674936294320032998,3662476.05075642968644446000
3609810.44009498316568243818,1727206.30893981840667454949,3730665.88599672813527046000
3675791.25603530455419792782,1758776.52113027387014876901,3798855.72123702658409646000
3741772.07197562594271341745,1790346.73332072933362298852,3867045.55647732503292246000
3807752.88791594733122890709,1821916.94551118479709720803,3935235.39171762348174846000
3873733.70385626871974439673,1853487.15770164026057142754,4003425.22695792193057446000
3939714.51979659010825988637,1885057.36989209572404564705,4071615.06219822037940046000
4005695.33573691149677537601,1916627.58208255118751986657,4139804.89743851882822646000
4071676.15167723288529086565,1948197.79427300665099408608,4207994.73267881727705246000
4137656.96761755427380635529,1979768.00646346211446830559,4276184.56791911572587846000
4203637.78355787566232184493,2011338.21865391757794252510,4344374.40315941417470446000
2903820.58893708815382274670,1452222.40164823127836667304,3217594.92220759599745032000
2967347.61997924715959441038,1483992.74515399000246132789,3287986.41033289890704232000
3030874.65102140616536607406,1515763.08865974872655598273,3358377.89845820181663432000
3094401.68206356517113773774,1547533.43216550745065063758,3428769.38658350472622632000
3157928.71310572417690940141,1579303.77567126617474529243,3499160.87470880763581832000
3221455.74414788318268106509,1611074.11917702489883994727,3569552.36283411054541032000
3284982.77519004218845272877,1642844.46268278362293460212,3639943.85095941345500232000
3348509.80623220119422439245,1674614.80618854234702925697,3710335.33908471636459432000
3412036.83727436019999605613,1706385.14969430107112391181,3780726.82721001927418632000
3475563.86831651920576771980,1738155.49320005979521856666,3851118.31533532218377832000
3539090.89935867821153938348,1769925.83670581851931322151,3921509.80346062509337032000
3602617.93040083721731104716,1801696.18021157724340787635,3991901.29158592800296232000
3666144.96144299622308271084,1833466.52371733596750253120,4062292.77971123091255432000
3729671.99248515522885437451,1865236.86722309469159718605,4132684.26783653382214632000
3793199.02352731423462603819,1897007.21072885341569184089,4203075.75596183673173832000
3856726.05456947324039770187,1928777.55423461213978649574,4273467.24408713964133032000
3920253.08561163224616936555,1960547.89774037086388115059,4343858.73221244255092232000
3983780.11665379125194102923,1992318.24124612958797580543,4414250.22033774546051432000
4047307.14769595025771269290,2024088.58475188831207046028,4484641.70846304837010632000
2789599.81557775464905877332,1456506.77507961613682147592,3315231.79929786112380441000
2850628.03293889563897473861,1488370.84804132289982347714,3387759.29436016392677541000
2911656.25030003662889070389,1520234.92100302966282547837,3460286.78942246672974641000
2972684.46766117761880666918,1552098.99396473642582747959,3532814.28448476953271741000
3033712.68502231860872263447,1583963.06692644318882948081,3605341.77954707233568841000
3094740.90238345959863859976,1615827.13988814995183148204,3677869.27460937513865941000
3155769.11974460058855456505,1647691.21284985671483348326,3750396.76967167794163041000
3216797.33710574157847053034,1679555.28581156347783548448,3822924.26473398074460141000
3277825.55446688256838649562,1711419.35877327024083748571,3895451.75979628354757241000
3338853.77182802355830246091,1743283.43173497700383948693,3967979.25485858635054341000
3399881.98918916454821842620,1775147.50469668376684148815,4040506.74992088915351441000
3460910.20655030553813439149,1807011.57765839052984348938,4113034.24498319195648541000
3521938.42391144652805035678,1838875.65062009729284549060,4185561.74004549475945641000
3582966.64127258751796632206,1870739.72358180405584749182,4258089.23510779756242741000
3643994.85863372850788228735,1902603.79654351081884949305,4330616.73017010036539841000
3705023.07599486949779825264,1934467.86950521758185149427,4403144.22523240316836941000
3766051.29335601048771421793,1966331.94246692434485349549,4475671.72029470597134041000
3827079.51071715147763018322,1998196.01542863110785549672,4548199.21535700877431141000
3888107.72807829246754614851,2030060.08839033787085749794,4620726.71041931157728241000
2673563.53220893849062727757,1455857.21168427225580852263,3409776.94555367659466313000
2732053.21788404106097571944,1487707.07411446854230619321,3484372.80959991760526613000
2790542.90355914363132416130,1519556.93654466482880386380,3558968.67364615861586913000
2849032.58923424620167260317,1551406.79897486111530153439,3633564.53769239962647213000
2907522.27490934877202104503,1583256.66140505740179920498,3708160.40173864063707513000
2966011.96058445134236948689,1615106.52383525368829687557,3782756.26578488164767813000
3024501.64625955391271792876,1646956.38626544997479454616,3857352.12983112265828113000
3082991.33193465648306637062,1678806.24869564626129221675,3931947.99387736366888413000
3141481.01760975905341481248,1710656.11112584254778988734,4006543.85792360467948713000
3199970.70328486162376325435,1742505.97355603883428755793,4081139.72196984569009013000
3258460.38895996419411169621,1774355.83598623512078522852,4155735.58601608670069313000
3316950.07463506676446013807,1806205.69841643140728289911,4230331.45006232771129613000
3375439.76031016933480857994,1838055.56084662769378056970,4304927.31410856872189913000
3433929.44598527190515702180,1869905.42327682398027824028,4379523.17815480973250213000
3492419.13166037447550546366,1901755.28570702026677591087,4454119.04220105074310513000
3550908.81733547704585390553,1933605.14813721655327358146,4528714.90624729175370813000
3609398.50301057961620234739,1965455.01056741283977125205,4603310.77029353276431113000
3667888.18868568218655078925,1997304.87299760912626892264,4677906.63433977377491413000
3726377.87436078475689923112,2029154.73542780541276659323,4752502.49838601478551713000
